{
  "best_threshold": {
    "threshold": 0.46,
    "f1": 0.9865470852017937,
    "precision": 0.990990990990991,
    "recall": 0.9821428571428571,
    "accuracy": 0.9897959183673469
  },
  "confusion_matrix": {
    "tn": 181,
    "fp": 1,
    "fn": 2,
    "tp": 110
  },
  "json_samples_used": 114,
  "target_accuracy_95": true
}